dream_0,aae165a6-085f-360b-a112-86e18f6f25aa
dream_1,9e5491ef-7a61-38f6-8855-61cf55592603
vovousekcz,71cd8a32-e3e3-39c6-b9e4-118a892ea458
matesjun,aa73901f-9231-3479-9ff9-8b4291ec4a78
izboxo,b6ef4486-f89c-3ec2-ada8-5c629c810666
honza2535,0f1d86da-02cf-3627-9e00-f2137f380c9e
pathfinder_bot2,37c191d3-dd63-34e6-9ee9-7a6436246bcb
zerom456,a4fc7f60-ffc7-3c8a-abcc-074dd235b3ee
lmao6554,f1151068-f3cc-3026-80ec-2366cb013b38
dream_5,a3f20e7c-2474-37b0-befc-4cded5bf8ce7
hejj,fd34f642-c44e-36fd-8ed3-4138efc6fdff
itoncek,2e3de723-b349-384a-8d25-b1744babb9ec
enintar,3f47e2ea-4b50-370f-926b-24b59481b558
general_kubo,644c3dcb-ab0a-3f3f-9315-6b1e232e5c1a
pathfinder_bot,f6a31bd9-42a0-3222-ada5-c27bae951c0c
hruba_mouka,b215e7ad-4de2-327d-b799-12b80ad130e4
